S. No.,Role,ZIP,City,State,Country
1,DC,31405,Savannah,GA,US
2,DC,92509,Jurupa Valley,CA,US
3,FC,30336,Atlanta,GA,US
4,FC,42276,Russellville,KY,US
5,FC,76164,Fort Worth,TX,US
6,FC,77078,Houston,TX,US
7,FC,92395,Victorville,CA,US
8,FC,95336,Manteca,CA,US
9,FC,97230,Portland,OR,US
10,FC,58801,Williston,ND,US
11,FC,80204,Denver,CO,US
12,FC,66115,Kansas City,KS,US
13,FC,60455,Bridgeview,IL,US
14,FC,48617,Clare,MI,US
15,FC,15205,Pittsburgh,PA,US
16,FC,19138,Philadelphia,PA,US
17,FC,21234,Parkville,MD,US
18,FC,11378,Maspeth,NY,US
19,FC,2118,Boston,MA,US
20,FC,33334,Fort Lauderdale,FL,US
21,FC,84044,Salt Lake City,UT,US
22,FC,85017,Phoenix,AZ,US